-- phpMyAdmin SQL Dump
-- version 5.2.1
-- https://www.phpmyadmin.net/
--
-- Host: 127.0.0.1:3306
-- Generation Time: May 12, 2024 at 12:24 AM
-- Server version: 8.2.0
-- PHP Version: 8.2.13

SET SQL_MODE = "NO_AUTO_VALUE_ON_ZERO";
START TRANSACTION;
SET time_zone = "+00:00";


/*!40101 SET @OLD_CHARACTER_SET_CLIENT=@@CHARACTER_SET_CLIENT */;
/*!40101 SET @OLD_CHARACTER_SET_RESULTS=@@CHARACTER_SET_RESULTS */;
/*!40101 SET @OLD_COLLATION_CONNECTION=@@COLLATION_CONNECTION */;
/*!40101 SET NAMES utf8mb4 */;

--
-- Database: `db_ecommerce`
--

-- --------------------------------------------------------

--
-- Table structure for table `messagein`
--

DROP TABLE IF EXISTS `messagein`;
CREATE TABLE IF NOT EXISTS `messagein` (
  `Id` int NOT NULL AUTO_INCREMENT,
  `SendTime` datetime DEFAULT NULL,
  `ReceiveTime` datetime DEFAULT NULL,
  `MessageFrom` varchar(80) DEFAULT NULL,
  `MessageTo` varchar(80) DEFAULT NULL,
  `SMSC` varchar(80) DEFAULT NULL,
  `MessageText` text,
  `MessageType` varchar(80) DEFAULT NULL,
  `MessageParts` int DEFAULT NULL,
  `MessagePDU` text,
  `Gateway` varchar(80) DEFAULT NULL,
  `UserId` varchar(80) DEFAULT NULL,
  PRIMARY KEY (`Id`)
) ENGINE=InnoDB AUTO_INCREMENT=7 DEFAULT CHARSET=utf8mb4 COLLATE=utf8mb4_0900_ai_ci;

--
-- Dumping data for table `messagein`
--

INSERT INTO `messagein` (`Id`, `SendTime`, `ReceiveTime`, `MessageFrom`, `MessageTo`, `SMSC`, `MessageText`, `MessageType`, `MessageParts`, `MessagePDU`, `Gateway`, `UserId`) VALUES
(1, '2017-11-02 05:19:29', NULL, '211', '+639305235027', NULL, '0B05040B8423F00003FB0302,870906890101C651018715060350524F585932000187070603534D415254204D4D530001C65201872F060350524F5859325F3100018720060331302E3130322E36312E343600018721068501872206034E4150475052535F320001C6530187230603383038300001010101C600015501873606037734000187070603534D4152', NULL, NULL, NULL, NULL, NULL),
(2, '2017-11-02 05:19:34', NULL, '211', '+639305235027', NULL, '0B05040B8423F00003FB0303,54204D4D5300018739060350524F585932000187340603687474703A2F2F31302E3130322E36312E3233383A383030322F00010101', NULL, NULL, NULL, NULL, NULL),
(3, '2017-11-02 05:19:14', NULL, '211', '+639305235027', NULL, '0B05040B8423F00003FA0201,6C062F1F2DB69180923646443032463643313042394231363544354242413143304143413232424334343239453236423600030B6A00C54503312E310001C6560187070603534D41525420494E5445524E4554000101C65501871106034E4150475052535F330001871006AB0187070603534D41525420494E5445524E455400', NULL, NULL, NULL, NULL, NULL),
(4, '2017-11-02 05:19:19', NULL, '211', '+639305235027', NULL, '0B05040B8423F00003FA0202,0187140187080603696E7465726E65740001870906890101C600015501873606037732000187070603534D41525420494E5445524E45540001872206034E4150475052535F330001C65901873A0603687474703A2F2F6D2E736D6172742E636F6D2E7068000187070603484F4D450001871C01010101', NULL, NULL, NULL, NULL, NULL),
(5, '2017-11-02 05:19:24', NULL, '211', '+639305235027', NULL, '0B05040B8423F00003FB0301,6D062F1F2DB69180923432373832413042464145313131463335303137323744303141433530304134373930423843334500030B6A00C54503312E310001C6560187070603534D415254204D4D53000101C65501871106034E4150475052535F320001871006AB0187070603534D415254204D4D530001870806036D6D730001', NULL, NULL, NULL, NULL, NULL),
(6, '2017-11-02 05:19:29', NULL, '211', '+639305235027', NULL, '0B05040B8423F00003FB0302,870906890101C651018715060350524F585932000187070603534D415254204D4D530001C65201872F060350524F5859325F3100018720060331302E3130322E36312E343600018721068501872206034E4150475052535F320001C6530187230603383038300001010101C600015501873606037734000187070603534D4152', NULL, NULL, NULL, NULL, NULL);

-- --------------------------------------------------------

--
-- Table structure for table `messagelog`
--

DROP TABLE IF EXISTS `messagelog`;
CREATE TABLE IF NOT EXISTS `messagelog` (
  `Id` int NOT NULL AUTO_INCREMENT,
  `SendTime` datetime DEFAULT NULL,
  `ReceiveTime` datetime DEFAULT NULL,
  `StatusCode` int DEFAULT NULL,
  `StatusText` varchar(80) DEFAULT NULL,
  `MessageTo` varchar(80) DEFAULT NULL,
  `MessageFrom` varchar(80) DEFAULT NULL,
  `MessageText` text,
  `MessageType` varchar(80) DEFAULT NULL,
  `MessageId` varchar(80) DEFAULT NULL,
  `ErrorCode` varchar(80) DEFAULT NULL,
  `ErrorText` varchar(80) DEFAULT NULL,
  `Gateway` varchar(80) DEFAULT NULL,
  `MessageParts` int DEFAULT NULL,
  `MessagePDU` text,
  `Connector` varchar(80) DEFAULT NULL,
  `UserId` varchar(80) DEFAULT NULL,
  `UserInfo` text,
  PRIMARY KEY (`Id`),
  KEY `IDX_MessageId` (`MessageId`,`SendTime`)
) ENGINE=InnoDB AUTO_INCREMENT=28 DEFAULT CHARSET=utf8mb4 COLLATE=utf8mb4_0900_ai_ci;

--
-- Dumping data for table `messagelog`
--

INSERT INTO `messagelog` (`Id`, `SendTime`, `ReceiveTime`, `StatusCode`, `StatusText`, `MessageTo`, `MessageFrom`, `MessageText`, `MessageType`, `MessageId`, `ErrorCode`, `ErrorText`, `Gateway`, `MessageParts`, `MessagePDU`, `Connector`, `UserId`, `UserInfo`) VALUES
(1, '2018-01-27 20:38:08', NULL, 300, NULL, '09305235027', 'Hello Poh', NULL, NULL, '', NULL, NULL, NULL, NULL, NULL, NULL, NULL, NULL),
(2, '2018-01-27 20:39:06', NULL, 300, NULL, '09305235027', 'Hello Poh', NULL, NULL, '', NULL, NULL, NULL, NULL, NULL, NULL, NULL, NULL),
(3, '2018-01-27 20:49:14', NULL, 300, NULL, '09305235027', 'hi poh', NULL, NULL, '', NULL, NULL, NULL, NULL, NULL, NULL, NULL, NULL),
(4, '2018-01-27 20:50:56', NULL, 300, NULL, '09508767867', 'hi poh', NULL, NULL, '', NULL, NULL, NULL, NULL, NULL, NULL, NULL, NULL),
(5, '2018-02-09 17:52:26', NULL, 300, NULL, '09486457414', 'Test to send', NULL, NULL, '', NULL, NULL, NULL, NULL, NULL, NULL, NULL, NULL),
(6, '2018-02-09 17:54:27', NULL, 300, NULL, '09486457414', 'Test to send', NULL, NULL, '', NULL, NULL, NULL, NULL, NULL, NULL, NULL, NULL),
(7, '2018-02-09 17:55:11', NULL, 300, NULL, '09486457414', 'Test to send', NULL, NULL, '', NULL, NULL, NULL, NULL, NULL, NULL, NULL, NULL),
(8, '2018-02-09 17:59:11', NULL, 300, NULL, '09486457414', 'Test to send', NULL, NULL, '', NULL, NULL, NULL, NULL, NULL, NULL, NULL, NULL),
(9, '2018-02-09 18:00:12', NULL, 200, NULL, '+639486457414', 'yes', NULL, NULL, '1:+639486457414:35', NULL, NULL, NULL, NULL, NULL, NULL, NULL, NULL),
(10, '2018-02-09 18:01:12', NULL, 200, NULL, '+639486457414', 'Test to send', NULL, NULL, '1:+639486457414:36', NULL, NULL, NULL, NULL, NULL, NULL, NULL, NULL),
(11, '2018-02-09 18:02:58', NULL, 200, NULL, '+639486457414', 'FROM JANNO : Confirmed', NULL, NULL, '1:+639486457414:37', NULL, NULL, NULL, NULL, NULL, NULL, NULL, NULL),
(12, '2018-02-09 18:05:22', NULL, 200, NULL, '+639486457414', 'FROM Bachelor of Science and Entrepreneurs : Your order has been .Confirmed', NULL, NULL, '1:+639486457414:38', NULL, NULL, NULL, NULL, NULL, NULL, NULL, NULL),
(13, '2018-02-09 18:08:14', NULL, 200, NULL, '+639486457414', 'FROM Bachelor of Science and Entrepreneurs : Your order has been .Confirmed', NULL, NULL, '1:+639486457414:39', NULL, NULL, NULL, NULL, NULL, NULL, NULL, NULL),
(14, '2018-02-09 18:21:41', NULL, 200, NULL, '+639486457414', 'FROM Bachelor of Science and Entrepreneurs : Your order has been .Confirmed', NULL, NULL, '1:+639486457414:40', NULL, NULL, NULL, NULL, NULL, NULL, NULL, NULL),
(15, '2018-04-01 22:17:34', NULL, 300, NULL, '09123586545', 'Your code is .6048', NULL, NULL, '', NULL, NULL, NULL, NULL, NULL, NULL, NULL, NULL),
(16, '2018-04-01 22:18:20', NULL, 300, NULL, '09123586545', 'Your code is .9305', NULL, NULL, '', NULL, NULL, NULL, NULL, NULL, NULL, NULL, NULL),
(17, '2018-04-01 22:20:15', NULL, 300, NULL, '09123586545', 'Your code is .2924', NULL, NULL, '', NULL, NULL, NULL, NULL, NULL, NULL, NULL, NULL),
(18, '2018-04-01 22:42:36', NULL, 300, NULL, '09123586545', 'Your code is .6938', NULL, NULL, '', NULL, NULL, NULL, NULL, NULL, NULL, NULL, NULL),
(19, '2018-04-02 00:40:53', NULL, 300, NULL, '9956112920', 'Your code is .7290', NULL, NULL, '', NULL, NULL, NULL, NULL, NULL, NULL, NULL, NULL),
(20, '2018-04-02 00:42:14', NULL, 300, NULL, '9956112920', 'Your code is .4506', NULL, NULL, '', NULL, NULL, NULL, NULL, NULL, NULL, NULL, NULL),
(21, '2018-04-02 00:43:46', NULL, 300, NULL, '9956112920', 'Your code is .4506', NULL, NULL, '', NULL, NULL, NULL, NULL, NULL, NULL, NULL, NULL),
(22, '2018-04-02 00:45:56', NULL, 300, NULL, '09956112920', 'Your code is .6988', NULL, NULL, '', NULL, NULL, NULL, NULL, NULL, NULL, NULL, NULL),
(23, '2018-04-02 00:47:17', NULL, 300, NULL, '09956112920', 'Your code is .4380', NULL, NULL, '', NULL, NULL, NULL, NULL, NULL, NULL, NULL, NULL),
(24, '2018-04-02 00:48:53', NULL, 200, NULL, '639956112920', 'Your code is .5936', NULL, NULL, '1:639956112920:129', NULL, NULL, NULL, NULL, NULL, NULL, NULL, NULL),
(25, '2018-04-02 00:50:29', NULL, 200, NULL, '639956112920', 'Your code is .5349', NULL, NULL, '1:639956112920:130', NULL, NULL, NULL, NULL, NULL, NULL, NULL, NULL),
(26, '2018-04-02 00:53:32', NULL, 200, NULL, '639956112920', 'Your code is', NULL, NULL, '1:639956112920:131', NULL, NULL, NULL, NULL, NULL, NULL, NULL, NULL),
(27, '2018-04-02 00:54:43', NULL, 200, NULL, '639956112920', 'Your code is 3407', NULL, NULL, '1:639956112920:132', NULL, NULL, NULL, NULL, NULL, NULL, NULL, NULL);

-- --------------------------------------------------------

--
-- Table structure for table `messageout`
--

DROP TABLE IF EXISTS `messageout`;
CREATE TABLE IF NOT EXISTS `messageout` (
  `Id` int NOT NULL AUTO_INCREMENT,
  `MessageTo` varchar(80) DEFAULT NULL,
  `MessageFrom` varchar(80) DEFAULT NULL,
  `MessageText` text,
  `MessageType` varchar(80) DEFAULT NULL,
  `Gateway` varchar(80) DEFAULT NULL,
  `UserId` varchar(80) DEFAULT NULL,
  `UserInfo` text,
  `Priority` int DEFAULT NULL,
  `Scheduled` datetime DEFAULT NULL,
  `ValidityPeriod` int DEFAULT NULL,
  `IsSent` tinyint(1) NOT NULL DEFAULT '0',
  `IsRead` tinyint(1) NOT NULL DEFAULT '0',
  PRIMARY KEY (`Id`),
  KEY `IDX_IsRead` (`IsRead`)
) ENGINE=InnoDB DEFAULT CHARSET=utf8mb4 COLLATE=utf8mb4_0900_ai_ci;

-- --------------------------------------------------------

--
-- Table structure for table `tblautonumber`
--

DROP TABLE IF EXISTS `tblautonumber`;
CREATE TABLE IF NOT EXISTS `tblautonumber` (
  `ID` int NOT NULL AUTO_INCREMENT,
  `AUTOSTART` varchar(11) NOT NULL,
  `AUTOINC` int NOT NULL,
  `AUTOEND` int NOT NULL,
  `AUTOKEY` varchar(12) NOT NULL,
  `AUTONUM` int NOT NULL,
  PRIMARY KEY (`ID`)
) ENGINE=InnoDB AUTO_INCREMENT=3 DEFAULT CHARSET=latin1;

--
-- Dumping data for table `tblautonumber`
--

INSERT INTO `tblautonumber` (`ID`, `AUTOSTART`, `AUTOINC`, `AUTOEND`, `AUTOKEY`, `AUTONUM`) VALUES
(1, '2017', 1, 55, 'PROID', 10),
(2, '0', 1, 99, 'ordernumber', 0);

-- --------------------------------------------------------

--
-- Table structure for table `tblcategory`
--

DROP TABLE IF EXISTS `tblcategory`;
CREATE TABLE IF NOT EXISTS `tblcategory` (
  `CATEGID` int NOT NULL AUTO_INCREMENT,
  `CATEGORIES` varchar(255) NOT NULL,
  `USERID` int NOT NULL,
  PRIMARY KEY (`CATEGID`)
) ENGINE=InnoDB AUTO_INCREMENT=30 DEFAULT CHARSET=latin1;

--
-- Dumping data for table `tblcategory`
--

INSERT INTO `tblcategory` (`CATEGID`, `CATEGORIES`, `USERID`) VALUES
(5, 'SHOES', 0),
(11, 'BAGS', 0),
(12, 'CLOTHING', 0),
(13, 'INTERIORS', 0),
(14, 'HOUSEHOLDS', 0),
(15, 'FASHION', 0),
(16, 'KIDS', 0),
(17, 'WOMENS', 0),
(18, 'MENS', 0),
(19, 'SPORTSWEAR', 0);

-- --------------------------------------------------------

--
-- Table structure for table `tblcustomer`
--

DROP TABLE IF EXISTS `tblcustomer`;
CREATE TABLE IF NOT EXISTS `tblcustomer` (
  `CUSTOMERID` int NOT NULL AUTO_INCREMENT,
  `FNAME` varchar(30) NOT NULL,
  `LNAME` varchar(30) NOT NULL,
  `MNAME` varchar(30) NOT NULL,
  `CUSHOMENUM` varchar(90) NOT NULL,
  `STREETADD` text NOT NULL,
  `BRGYADD` text NOT NULL,
  `CITYADD` text NOT NULL,
  `PROVINCE` varchar(80) NOT NULL,
  `COUNTRY` varchar(30) NOT NULL,
  `DBIRTH` date NOT NULL,
  `GENDER` varchar(10) NOT NULL,
  `PHONE` varchar(20) NOT NULL,
  `EMAILADD` varchar(40) NOT NULL,
  `ZIPCODE` int NOT NULL,
  `CUSUNAME` varchar(20) NOT NULL,
  `CUSPASS` varchar(90) NOT NULL,
  `CUSPHOTO` varchar(255) NOT NULL,
  `TERMS` tinyint NOT NULL,
  `DATEJOIN` date NOT NULL,
  PRIMARY KEY (`CUSTOMERID`)
) ENGINE=InnoDB AUTO_INCREMENT=20 DEFAULT CHARSET=latin1;

--
-- Dumping data for table `tblcustomer`
--

INSERT INTO `tblcustomer` (`CUSTOMERID`, `FNAME`, `LNAME`, `MNAME`, `CUSHOMENUM`, `STREETADD`, `BRGYADD`, `CITYADD`, `PROVINCE`, `COUNTRY`, `DBIRTH`, `GENDER`, `PHONE`, `EMAILADD`, `ZIPCODE`, `CUSUNAME`, `CUSPASS`, `CUSPHOTO`, `TERMS`, `DATEJOIN`) VALUES
(1, 'janobe', 'Palacios', '', '321', 'Coloso Street', 'brgy. 1', 'Kabankalan City', 'Negros Occidental', 'Philippines', '0000-00-00', 'Male', '+639956112920', '', 6111, 'kenjie@yahoo.com', '1dd4efc811372cd1efe855981a8863d10ddde1ca', 'customer_image/a1157016c5d8272126380b27a59e2e7e.jpg', 1, '2015-11-26'),
(2, 'Mark Anthony', 'Geasin', '', '1234', 'paglaom', 'dancalan', 'ilog', 'negros occ', 'philippines', '0000-00-00', '', '091023333234', '', 6111, 'bboy', '0377588176145a8f0d837ff6e9bf0c1616268387', 'customer_image/10801930_959054964122877_391305007291646162_n.jpg', 1, '2015-11-26'),
(3, 'Jano', 'Palacios', '', '12312', 's', 'brgy 1', 'kabankalan city', 'negross occidental', 'philippines', '0000-00-00', 'Male', '21312312312', '', 6111, 'jan', '53199fa57fdf5676d03d89fbdd26e69a927766fc', 'customer_image/Tropical-Beach-Wallpaper.jpg', 1, '2017-12-08'),
(4, 'Jamei', 'Laveste', '', '', '', '', 'kabankalan city', '', '', '0000-00-00', 'Female', '362656556', '', 0, 'jame', 'f144dcce05af4d40fa0aeba34b05f4472472a4de', 'customer_image/1351064148bpguarhW.jpg', 1, '2018-01-23'),
(5, 'Jeanniebe', 'Palacios', '', '', '', '', 'Kab City', '', '', '0000-00-00', 'Female', '+639486457414', '', 0, 'bebe', 'd079a1c06803587ea09bff3f44a567e19169e7b5', '', 1, '2018-02-09'),
(6, 'Janry', 'Tan', '', '', '', '', 'Kab City', '', '', '0000-00-00', 'Male', '0234234', '', 0, 'jan', '0271c5467994a9e88e01be5b7e1f5f43d0ab93d2', '', 1, '2018-04-01'),
(7, 'Jake', 'Cuenca', '', '', '', '', 'Kabankalan City', '', '', '0000-00-00', 'Male', '639305235027', '', 0, 'jake', '403ba16f713c8371eef121530a922824be29b68a', '', 1, '2018-04-16'),
(8, 'Jake', 'Tam', '', '', '', '', 'Kab City', '', '', '0000-00-00', 'Male', '021312312', '', 0, 'j', '30e1fe53111f7e583c382596a32885fd27283970', '', 1, '2018-09-23'),
(9, 'Annie', 'Paredes', '', '', '', '', 's', '', '', '0000-00-00', 'Female', '12312312', '', 0, 'an', 'aa46142b604e671794a84129896d4dec508dec81', 'customer_image/shirt2.jpg', 1, '2019-08-20'),
(10, 'test', 'test', '', '', '', '', 'Tunisia', '', '', '0000-00-00', 'Male', '21612345678', '', 0, 'test1', '51abb9636078defbf888d8457a7c76f85c8f114c', '', 1, '2024-05-08'),
(18, 'Amira', 'kh', '', '', '', '', 'amira12345678', '', '', '0000-00-00', 'Female', '21612398702', '', 0, 'amirakh7', '719f9ca71c398c39491bb2d33a1569b0b0290b3d', '', 1, '2024-05-09');

-- --------------------------------------------------------

--
-- Table structure for table `tblorder`
--

DROP TABLE IF EXISTS `tblorder`;
CREATE TABLE IF NOT EXISTS `tblorder` (
  `ORDERID` int NOT NULL AUTO_INCREMENT,
  `PROID` int NOT NULL,
  `ORDEREDQTY` int NOT NULL,
  `ORDEREDPRICE` double NOT NULL,
  `ORDEREDNUM` int NOT NULL,
  `USERID` int NOT NULL,
  PRIMARY KEY (`ORDERID`),
  KEY `USERID` (`USERID`),
  KEY `PROID` (`PROID`),
  KEY `ORDEREDNUM` (`ORDEREDNUM`)
) ENGINE=InnoDB AUTO_INCREMENT=19 DEFAULT CHARSET=latin1;

--
-- Dumping data for table `tblorder`
--

INSERT INTO `tblorder` (`ORDERID`, `PROID`, `ORDEREDQTY`, `ORDEREDPRICE`, `ORDEREDNUM`, `USERID`) VALUES
(1, 201737, 4, 476, 93, 0),
(2, 201740, 3, 447, 93, 0),
(3, 201738, 1, 199, 94, 0),
(4, 201738, 1, 199, 95, 0),
(7, 201738, 1, 199, 96, 0),
(8, 201740, 1, 149, 96, 0),
(9, 201740, 1, 149, 96, 0),
(17, 201739, 1, 289, 97, 0),
(18, 201739, 1, 289, 98, 0);

-- --------------------------------------------------------

--
-- Table structure for table `tblproduct`
--

DROP TABLE IF EXISTS `tblproduct`;
CREATE TABLE IF NOT EXISTS `tblproduct` (
  `PROID` int NOT NULL,
  `PRODESC` varchar(255) DEFAULT NULL,
  `INGREDIENTS` varchar(255) NOT NULL,
  `PROQTY` int DEFAULT NULL,
  `ORIGINALPRICE` double NOT NULL,
  `PROPRICE` double DEFAULT NULL,
  `CATEGID` int DEFAULT NULL,
  `IMAGES` varchar(255) DEFAULT NULL,
  `PROSTATS` varchar(30) DEFAULT NULL,
  `OWNERNAME` varchar(90) NOT NULL,
  `OWNERPHONE` varchar(90) NOT NULL,
  PRIMARY KEY (`PROID`),
  KEY `CATEGID` (`CATEGID`)
) ENGINE=InnoDB DEFAULT CHARSET=latin1;

--
-- Dumping data for table `tblproduct`
--

INSERT INTO `tblproduct` (`PROID`, `PRODESC`, `INGREDIENTS`, `PROQTY`, `ORIGINALPRICE`, `PROPRICE`, `CATEGID`, `IMAGES`, `PROSTATS`, `OWNERNAME`, `OWNERPHONE`) VALUES
(201737, 'KILY Korean Casual Sleeveless Dress Printed Dress 5a0019                                            ', '', 2, 100, 119, 12, 'uploaded_photos/korean.jpeg', 'Available', 'janobe', ''),
(201738, 'terno top and pants korean fashion boho terno summer terno for women                        ', '', 3, 150, 199, 12, 'uploaded_photos/terno.jpg', 'Available', 'janobe', ''),
(201739, '4Color Men′S Denim Pants STRETCHABLE Skinny Black/Blue                      ', '', 2, 250, 289, 18, 'uploaded_photos/jeans.jpg', 'Available', 'janobe', ''),
(201740, 'SIMPLE Fashion Men`S Casual T Shirt Short Sleeve Round neck Top', '', -1, 100, 149, 18, 'uploaded_photos/shirt.jpg', 'Available', 'janobe', ''),
(201741, 'ICM #T146 BESTSELLER TOPS TSHIRT FOR MEN', '', 4, 50, 89, 18, 'uploaded_photos/shirt2.jpg', 'Available', 'janobe', ''),
(201742, 'CJY-001 Coat Rack Creative Simple CoatRack Bedroom Wardrobe (Gray)', '', 4, 250, 287, 14, 'uploaded_photos/bed.jpeg', 'Available', 'janobe', '');

-- --------------------------------------------------------

--
-- Table structure for table `tblpromopro`
--

DROP TABLE IF EXISTS `tblpromopro`;
CREATE TABLE IF NOT EXISTS `tblpromopro` (
  `PROMOID` int NOT NULL AUTO_INCREMENT,
  `PROID` int NOT NULL,
  `PRODISCOUNT` double NOT NULL,
  `PRODISPRICE` double NOT NULL,
  `PROBANNER` tinyint NOT NULL,
  `PRONEW` tinyint NOT NULL,
  PRIMARY KEY (`PROMOID`),
  UNIQUE KEY `PROID` (`PROID`)
) ENGINE=InnoDB AUTO_INCREMENT=19 DEFAULT CHARSET=latin1;

--
-- Dumping data for table `tblpromopro`
--

INSERT INTO `tblpromopro` (`PROMOID`, `PROID`, `PRODISCOUNT`, `PRODISPRICE`, `PROBANNER`, `PRONEW`) VALUES
(1, 201737, 20, 95.2, 1, 0),
(2, 201738, 0, 199, 0, 0),
(3, 201739, 0, 289, 0, 0),
(4, 201740, 0, 149, 0, 0),
(5, 201741, 20, 71.2, 1, 0),
(6, 201742, 0, 287, 0, 0);

-- --------------------------------------------------------

--
-- Table structure for table `tblsetting`
--

DROP TABLE IF EXISTS `tblsetting`;
CREATE TABLE IF NOT EXISTS `tblsetting` (
  `SETTINGID` int NOT NULL AUTO_INCREMENT,
  `PLACE` text NOT NULL,
  `BRGY` varchar(90) NOT NULL,
  `DELPRICE` double NOT NULL,
  PRIMARY KEY (`SETTINGID`)
) ENGINE=InnoDB AUTO_INCREMENT=8 DEFAULT CHARSET=latin1;

--
-- Dumping data for table `tblsetting`
--

INSERT INTO `tblsetting` (`SETTINGID`, `PLACE`, `BRGY`, `DELPRICE`) VALUES
(1, 'Kabankalan City', 'Brgy. 1', 50),
(2, 'Himamaylan City', 'Brgy. 1', 70),
(7, 'Tunisia', 'Thela', 150);

-- --------------------------------------------------------

--
-- Table structure for table `tblstockin`
--

DROP TABLE IF EXISTS `tblstockin`;
CREATE TABLE IF NOT EXISTS `tblstockin` (
  `STOCKINID` int NOT NULL AUTO_INCREMENT,
  `STOCKDATE` datetime DEFAULT NULL,
  `PROID` int DEFAULT NULL,
  `STOCKQTY` int DEFAULT NULL,
  `STOCKPRICE` double DEFAULT NULL,
  `USERID` int DEFAULT NULL,
  PRIMARY KEY (`STOCKINID`),
  KEY `PROID` (`PROID`,`USERID`),
  KEY `USERID` (`USERID`)
) ENGINE=InnoDB AUTO_INCREMENT=8 DEFAULT CHARSET=latin1;

-- --------------------------------------------------------

--
-- Table structure for table `tblsummary`
--

DROP TABLE IF EXISTS `tblsummary`;
CREATE TABLE IF NOT EXISTS `tblsummary` (
  `SUMMARYID` int NOT NULL AUTO_INCREMENT,
  `ORDEREDDATE` datetime NOT NULL,
  `CUSTOMERID` int NOT NULL,
  `ORDEREDNUM` int NOT NULL,
  `DELFEE` double NOT NULL,
  `PAYMENT` double NOT NULL,
  `PAYMENTMETHOD` varchar(30) NOT NULL,
  `ORDEREDSTATS` varchar(30) NOT NULL,
  `ORDEREDREMARKS` varchar(125) NOT NULL,
  `CLAIMEDADTE` datetime NOT NULL,
  `HVIEW` tinyint NOT NULL,
  `USERID` int NOT NULL,
  PRIMARY KEY (`SUMMARYID`),
  UNIQUE KEY `ORDEREDNUM` (`ORDEREDNUM`),
  KEY `CUSTOMERID` (`CUSTOMERID`),
  KEY `USERID` (`USERID`)
) ENGINE=InnoDB AUTO_INCREMENT=19 DEFAULT CHARSET=latin1;

--
-- Dumping data for table `tblsummary`
--

INSERT INTO `tblsummary` (`SUMMARYID`, `ORDEREDDATE`, `CUSTOMERID`, `ORDEREDNUM`, `DELFEE`, `PAYMENT`, `PAYMENTMETHOD`, `ORDEREDSTATS`, `ORDEREDREMARKS`, `CLAIMEDADTE`, `HVIEW`, `USERID`) VALUES
(1, '2019-08-21 06:24:24', 9, 93, 0, 0, 'Cash on Delivery', 'Pending', 'Your order is on process.', '0000-00-00 00:00:00', 1, 0),
(3, '2019-08-21 06:27:09', 9, 94, 70, 269, 'Cash on Delivery', 'Confirmed', 'Your order has been confirmed.', '2019-08-21 00:00:00', 1, 0),
(4, '2024-05-09 11:56:10', 18, 95, 50, 199, 'Cash on Delivery', 'Pending', 'Your order is on process.', '0000-00-00 00:00:00', 1, 0),
(17, '2024-05-09 05:54:11', 18, 97, 50, 339, 'Cash on Delivery', 'Pending', 'Your order is on process.', '0000-00-00 00:00:00', 0, 0),
(18, '2024-05-09 08:42:42', 18, 98, 50, 339, 'Cash on Delivery', 'Pending', 'Your order is on process.', '0000-00-00 00:00:00', 0, 0);

-- --------------------------------------------------------

--
-- Table structure for table `tbluseraccount`
--

DROP TABLE IF EXISTS `tbluseraccount`;
CREATE TABLE IF NOT EXISTS `tbluseraccount` (
  `USERID` int NOT NULL AUTO_INCREMENT,
  `U_NAME` varchar(122) NOT NULL,
  `U_USERNAME` varchar(122) NOT NULL,
  `U_PASS` varchar(122) NOT NULL,
  `U_ROLE` varchar(30) NOT NULL,
  `USERIMAGE` varchar(255) NOT NULL,
  PRIMARY KEY (`USERID`)
) ENGINE=InnoDB AUTO_INCREMENT=133 DEFAULT CHARSET=latin1;

--
-- Dumping data for table `tbluseraccount`
--

INSERT INTO `tbluseraccount` (`USERID`, `U_NAME`, `U_USERNAME`, `U_PASS`, `U_ROLE`, `USERIMAGE`) VALUES
(124, 'Kenjie Palacios', 'kenjie', '4752fe635442d048e8e8d2d1d845e6a578f30470', 'Administrator', 'photos/COC-war-base-design.jpg'),
(126, 'Salim Souidi', 'salimsouidi7', 'd033e22ae348aeb5660fc2140aec35850c4da997', 'Administrator', 'photos/10329236_874204835938922_6636897990257224477_n.jpg'),
(127, 'Craig Palacios', 'craig', 'd033e22ae348aeb5660fc2140aec35850c4da997', 'Administrator', '');

-- --------------------------------------------------------

--
-- Table structure for table `tblwishlist`
--

DROP TABLE IF EXISTS `tblwishlist`;
CREATE TABLE IF NOT EXISTS `tblwishlist` (
  `id` int NOT NULL AUTO_INCREMENT,
  `CUSID` int NOT NULL,
  `PROID` int NOT NULL,
  `WISHDATE` date NOT NULL,
  `WISHSTATS` text NOT NULL,
  PRIMARY KEY (`id`)
) ENGINE=InnoDB AUTO_INCREMENT=3 DEFAULT CHARSET=latin1;

--
-- Dumping data for table `tblwishlist`
--

INSERT INTO `tblwishlist` (`id`, `CUSID`, `PROID`, `WISHDATE`, `WISHSTATS`) VALUES
(2, 9, 201742, '2019-08-21', '0');
COMMIT;

/*!40101 SET CHARACTER_SET_CLIENT=@OLD_CHARACTER_SET_CLIENT */;
/*!40101 SET CHARACTER_SET_RESULTS=@OLD_CHARACTER_SET_RESULTS */;
/*!40101 SET COLLATION_CONNECTION=@OLD_COLLATION_CONNECTION */;
